"Epic","Feature","Story","FAILED","BROKEN","PASSED","SKIPPED","UNKNOWN"
"","","","0","0","12","0","0"
"","Video Game API","Get single game","0","0","7","0","0"
"","Video Game API - Negative Tests","Get single game","0","0","6","0","0"
"","Video Game API","Schema validation","0","0","2","0","0"
"","Video Game API","Create game","0","0","2","0","0"
"","Video Game API","Get all games","0","0","2","0","0"
"","Video Game API","Serialization","0","0","1","0","0"
"","Video Game API","Response time","0","0","2","0","0"
"","Video Game API","Delete game","0","0","1","0","0"
"","Video Game API","Deserialization","0","0","1","0","0"
"","Video Game API","Update game","0","0","1","0","0"
"","Video Game API - Negative Tests","Create game","0","0","2","0","0"
